Instance,Diameter,Colour,Weight
1,1,Red,1.451562702
2,1.05,Blue,1.307986229
3,1.1,Green,1.558377527
4,1.15,Red,1.785790965
5,1.2,Blue,1.727618942
6,1.25,Green,1.860039137
7,1.3,Red,2.18703577
8,1.35,Blue,2.051822461
9,1.4,Red,2.428851324
10,1.45,Green,2.474023816
